-- Jobテーブルのサンプルデータ
INSERT INTO Job (id, name) VALUES
    (1, 'Software Engineer'),
    (2, 'Data Analyst'),
    (3, 'Project Manager'),
    (4, 'UI/UX Designer'),
    (5, 'Marketing Specialist'),
    (6, 'Financial Analyst'),
    (7, 'HR Manager'),
    (8, 'Sales Representative'),
    (9, 'Customer Support'),
    (10, 'Operations Manager'),
    (11, 'Graphic Designer'),
    (12, 'Network Administrator'),
    (13, 'Content Writer'),
    (14, 'Quality Assurance Analyst'),
    (15, 'Product Manager'),
    (16, 'Business Analyst'),
    (17, 'Systems Engineer'),
    (18, 'Social Media Manager'),
    (19, 'Accountant'),
    (20, 'Technical Support');

-- Skillテーブルのサンプルデータ
INSERT INTO Skill (id, name) VALUES
    (1, 'Java'),
    (2, 'Python'),
    (3, 'SQL'),
    (4, 'JavaScript'),
    (5, 'HTML'),
    (6, 'CSS'),
    (7, 'Data Analysis'),
    (8, 'Project Management'),
    (9, 'UI Design'),
    (10, 'UX Design'),
    (11, 'Digital Marketing'),
    (12, 'Financial Modeling'),
    (13, 'Recruiting'),
    (14, 'Sales'),
    (15, 'Customer Service'),
    (16, 'Operations Management'),
    (17, 'Graphic Design'),
    (18, 'Network Security'),
    (19, 'Content Writing'),
    (20, 'Quality Assurance');

-- OfferSkillテーブルのサンプルデータ
INSERT INTO OfferSkill (offer_id, skill_id, level) VALUES
    (1, 1, 'Intermediate'),
    (1, 2, 'Advanced'),
    (1, 3, 'Advanced'),
    (2, 2, 'Intermediate'),
    (2, 7, 'Advanced'),
    (3, 8, 'Advanced'),
    (3, 14, 'Intermediate'),
    (3, 15, 'Intermediate'),
    (4, 4, 'Advanced'),
    (4, 9, 'Intermediate'),
    (5, 11, 'Intermediate'),
    (5, 19, 'Intermediate'),
    (5, 20, 'Intermediate'),
    (6, 6, 'Intermediate'),
    (6, 10, 'Intermediate'),
    (7, 13, 'Advanced'),
    (7, 15, 'Intermediate'),
    (8, 14, 'Advanced'),
    (8, 15, 'Advanced'),
    (9, 8, 'Intermediate'),
    (9, 15, 'Intermediate'),
    (9, 16, 'Intermediate'),
    (10, 16, 'Intermediate'),
    (10, 17, 'Advanced'),
    (11, 9, 'Advanced'),
    (11, 17, 'Intermediate'),
    (12, 18, 'Intermediate'),
    (12, 20, 'Intermediate'),
    (13, 4, 'Intermediate'),
    (13, 11, 'Intermediate'),
    (14, 1, 'Intermediate'),
    (14, 3, 'Advanced'),
    (14, 19, 'Intermediate'),
    (15, 8, 'Advanced'),
    (15, 15, 'Advanced'),
    (15, 16, 'Intermediate'),
    (16, 8, 'Intermediate'),
    (16, 15, 'Intermediate'),
    (16, 19, 'Intermediate'),
    (17, 18, 'Intermediate'),
    (17, 20, 'Intermediate'),
    (18, 5, 'Intermediate'),
    (18, 9, 'Intermediate'),
    (18, 17, 'Advanced'),
    (19, 5, 'Intermediate'),
    (19, 12, 'Intermediate'),
    (19, 15, 'Intermediate'),
    (20, 6, 'Advanced'),
    (20, 10, 'Intermediate');
-- Jobテーブルの追加サンプルデータ
INSERT INTO Job (id, name) VALUES
    (21, 'Data Scientist'),
    (22, 'Web Developer'),
    (23, 'Business Development Manager'),
    (24, 'Cybersecurity Analyst'),
    (25, 'Marketing Manager'),
    (26, 'Financial Controller'),
    (27, 'Operations Analyst'),
    (28, 'Customer Success Manager'),
    (29, 'IT Support Specialist'),
    (30, 'Content Marketing Specialist'),
    (31, 'Software Tester'),
    (32, 'Product Owner'),
    (33, 'Data Engineer'),
    (34, 'Digital Strategist'),
    (35, 'Financial Advisor'),
    (36, 'Supply Chain Manager'),
    (37, 'UX Researcher'),
    (38, 'Network Engineer'),
    (39, 'Social Media Coordinator'),
    (40, 'Administrative Assistant');

-- Skillテーブルの追加サンプルデータ
INSERT INTO Skill (id, name) VALUES
    (21, 'R'),
    (22, 'C++'),
    (23, 'Data Mining'),
    (24, 'Ruby'),
    (25, 'PHP'),
    (26, 'WordPress'),
    (27, 'Market Research'),
    (28, 'Leadership'),
    (29, 'E-commerce'),
    (30, 'SEO'),
    (31, 'Budgeting'),
    (32, 'Financial Reporting'),
    (33, 'Supply Chain Optimization'),
    (34, 'User Research'),
    (35, 'Network Administration'),
    (36, 'Social Media Marketing'),
    (37, 'Accounting'),
    (38, 'Inventory Management'),
    (39, 'UX Design Tools'),
    (40, 'Data Warehousing');

-- OfferSkillテーブルの追加サンプルデータ
INSERT INTO OfferSkill (offer_id, skill_id, level) VALUES
    (21, 2, 'Advanced'),
    (21, 7, 'Advanced'),
    (22, 4, 'Intermediate'),
    (22, 6, 'Intermediate'),
    (23, 14, 'Advanced'),
    (23, 28, 'Intermediate'),
    (23, 29, 'Intermediate'),
    (24, 18, 'Intermediate'),
    (24, 38, 'Intermediate'),
    (25, 11, 'Advanced'),
    (25, 15, 'Advanced'),
    (25, 27, 'Intermediate'),
    (26, 13, 'Advanced'),
    (26, 26, 'Intermediate'),
    (27, 16, 'Intermediate'),
    (27, 36, 'Intermediate'),
    (28, 8, 'Advanced'),
    (28, 15, 'Advanced'),
    (28, 30, 'Intermediate'),
    (29, 12, 'Intermediate'),
    (29, 18, 'Intermediate'),
    (29, 37, 'Intermediate'),
    (30, 4, 'Intermediate'),
    (30, 30, 'Intermediate'),
    (30, 39, 'Intermediate'),
    (31, 1, 'Intermediate'),
    (31, 3, 'Advanced'),
    (31, 20, 'Intermediate'),
    (32, 8, 'Advanced'),
    (32, 15, 'Advanced'),
    (32, 32, 'Intermediate'),
    (33, 2, 'Advanced'),
    (33, 21, 'Intermediate'),
    (34, 11, 'Intermediate'),
    (34, 23, 'Intermediate'),
    (34, 34, 'Intermediate'),
    (35, 5, 'Intermediate'),
    (35, 26, 'Intermediate'),
    (35, 37, 'Intermediate'),
    (36, 8, 'Advanced'),
    (36, 26, 'Intermediate'),
    (36, 36, 'Intermediate'),
    (37, 10, 'Intermediate'),
    (37, 29, 'Intermediate'),
    (38, 18, 'Intermediate'),
    (38, 38, 'Intermediate'),
    (39, 5, 'Intermediate'),
    (39, 16, 'Intermediate'),
    (39, 39, 'Intermediate'),
    (40, 6, 'Advanced'),
    (40, 40, 'Intermediate');
